Name,Team,G,AB,PA,H,1B,2B,3B,HR,R,RBI,BB,IBB,SO,BB%,K%,BB/K,BABIP,HBP,SF,SH,GDP,SB,CS,Def,ISO,wOBA,wRAA,AVG,OBP,SLG,OPS,WAR,wRC+,WPA
Mike Trout,Angels,139,559,639,182,117,27,8,30,129,83,67,4,139,10.5,21.8,0.48,0.38299999999999995,6,7,0,7,49,5,13.0,0.23800000000000002,0.409,48.2,0.326,0.39899999999999997,0.564,0.963,10.3,167,5.41
Buster Posey,Giants,148,530,610,178,114,39,1,24,78,103,69,7,96,11.3,15.7,0.72,0.368,2,9,0,19,1,1,13.0,0.213,0.406,44.7,0.336,0.408,0.5489999999999999,0.9570000000000001,7.7,164,4.93
Robinson Cano,Yankees,161,627,697,196,114,48,1,33,105,94,61,10,96,8.8,13.8,0.64,0.326,7,2,0,22,3,2,12.6,0.23800000000000002,0.39399999999999996,44.4,0.313,0.379,0.55,0.929,7.6,149,2.22
Chase Headley,Padres,161,604,699,173,109,31,2,31,95,115,86,2,157,12.3,22.5,0.55,0.337,4,5,0,7,17,6,9.7,0.212,0.37799999999999995,35.1,0.28600000000000003,0.376,0.498,0.875,7.5,145,4.3
David Wright,Mets,156,581,670,178,114,41,2,21,91,93,81,16,112,12.1,16.7,0.72,0.34700000000000003,3,5,0,15,15,10,17.4,0.18600000000000003,0.376,32.7,0.306,0.391,0.49200000000000005,0.883,7.4,141,4.34
Ryan Braun,Brewers,154,598,677,191,111,36,3,41,108,112,63,15,128,9.3,18.9,0.49,0.34600000000000003,11,5,0,12,30,7,-2.3,0.276,0.413,53.4,0.319,0.391,0.595,0.987,7.3,159,5.03
Andrew McCutchen,Pirates,157,593,673,194,128,29,6,31,107,96,70,13,132,10.4,19.6,0.53,0.375,5,5,0,9,20,12,-6.5,0.226,0.40299999999999997,47.5,0.327,0.4,0.5529999999999999,0.953,6.8,158,4.6
Adrian Beltre,Rangers,156,604,654,194,123,33,2,36,95,102,36,8,82,5.5,12.5,0.44,0.319,5,9,0,8,1,0,9.5,0.24,0.38799999999999996,38.1,0.321,0.359,0.561,0.9209999999999999,6.5,142,2.89
Jason Heyward,Braves,158,587,651,158,95,30,6,27,93,82,58,1,152,8.9,23.3,0.38,0.319,2,3,0,5,21,8,15.9,0.21,0.35100000000000003,18.6,0.26899999999999996,0.335,0.479,0.8140000000000001,6.5,121,2.6
Miguel Cabrera,Tigers,161,622,697,205,121,40,0,44,109,139,66,17,98,9.5,14.1,0.67,0.331,3,6,0,28,4,1,-8.2,0.27699999999999997,0.41700000000000004,57.3,0.33,0.39299999999999996,0.606,0.9990000000000001,6.4,166,4.8
Michael Bourn,Braves,155,624,703,171,126,26,10,9,96,57,70,1,155,10.0,22.0,0.45,0.349,3,4,2,2,42,13,25.6,0.11699999999999999,0.326,6.3,0.27399999999999997,0.348,0.391,0.7390000000000001,6.2,104,1.77
Yadier Molina,Cardinals,138,505,563,159,109,28,0,22,65,76,45,4,55,8.0,9.8,0.82,0.316,5,5,3,10,12,3,20.2,0.18600000000000003,0.375,27.3,0.315,0.373,0.501,0.8740000000000001,6.1,138,4.36
Ben Zobrist,Rays,157,560,668,151,85,39,7,20,88,74,97,7,103,14.5,15.4,0.94,0.29600000000000004,3,6,2,13,14,9,8.3,0.20199999999999999,0.365,27.0,0.27,0.377,0.47100000000000003,0.848,5.8,137,2.41
Aramis Ramirez,Brewers,149,570,630,171,91,50,3,27,92,105,44,3,82,7.0,13.0,0.54,0.31,12,4,0,14,9,2,7.8,0.24,0.384,34.8,0.3,0.36,0.54,0.9009999999999999,5.6,139,4.6
Alex Gordon,Royals,161,642,721,189,119,51,5,14,93,72,73,3,140,10.1,19.4,0.52,0.35600000000000004,3,3,0,14,10,5,7.3,0.16,0.35700000000000004,24.5,0.294,0.368,0.455,0.8220000000000001,5.5,126,-0.26
Austin Jackson,Tigers,137,543,617,163,108,29,10,16,103,66,67,0,134,10.9,21.7,0.5,0.371,2,3,2,9,12,9,5.6,0.179,0.371,28.0,0.3,0.377,0.479,0.856,5.4,134,3.08
Martin Prado,Braves,156,617,690,186,128,42,6,10,81,70,58,2,69,8.4,10.0,0.84,0.322,2,9,4,19,17,4,14.0,0.136,0.345,16.8,0.301,0.359,0.43799999999999994,0.7959999999999999,5.3,117,2.49
Aaron Hill,Diamondbacks,156,609,668,184,108,44,6,26,93,85,52,7,86,7.8,12.9,0.6,0.317,4,2,1,15,14,5,2.8,0.22,0.375,32.4,0.302,0.36,0.522,0.882,5.3,133,1.59
Torii Hunter,Angels,140,534,584,167,126,24,1,16,81,92,38,1,133,6.5,22.8,0.29,0.389,8,3,1,15,9,1,4.8,0.139,0.35600000000000004,19.4,0.313,0.365,0.451,0.8170000000000001,5.2,131,3.59
Prince Fielder,Tigers,162,581,690,182,118,33,1,30,83,108,85,18,84,12.3,12.2,1.01,0.321,17,7,0,19,1,0,-12.3,0.215,0.39799999999999996,46.1,0.313,0.41200000000000003,0.528,0.94,4.8,153,4.9
Jimmy Rollins,Phillies,156,632,699,158,97,33,5,23,102,68,62,2,96,8.9,13.7,0.65,0.262,0,3,2,9,30,5,14.9,0.177,0.322,4.0,0.25,0.316,0.42700000000000005,0.743,4.7,101,3.03
Angel Pagan,Giants,154,605,659,174,113,38,15,8,95,56,48,5,97,7.3,14.7,0.49,0.32899999999999996,0,4,2,6,29,7,2.6,0.152,0.33399999999999996,10.0,0.28800000000000003,0.33799999999999997,0.44,0.778,4.7,115,2.53
Ian Desmond,Nationals,130,513,547,150,90,33,2,25,72,73,30,1,113,5.5,20.7,0.27,0.332,3,1,0,17,21,6,10.3,0.218,0.36200000000000004,20.8,0.292,0.335,0.511,0.845,4.7,128,4.11
Bryce Harper,Nationals,139,533,597,144,87,26,9,22,98,59,56,0,120,9.4,20.1,0.47,0.31,2,3,3,8,18,6,8.3,0.20600000000000002,0.35200000000000004,17.9,0.27,0.34,0.47700000000000004,0.8170000000000001,4.6,121,1.87
Josh Reddick,Athletics,156,611,673,148,82,29,5,32,85,85,55,8,151,8.2,22.4,0.36,0.26899999999999996,2,4,1,15,11,1,10.7,0.221,0.326,6.1,0.242,0.305,0.46299999999999997,0.768,4.5,108,-2.05
Miguel Montero,Diamondbacks,141,486,573,139,97,25,2,15,65,88,73,6,130,12.7,22.7,0.56,0.36200000000000004,12,2,0,15,0,0,14.7,0.152,0.364,22.3,0.28600000000000003,0.391,0.43799999999999994,0.8290000000000001,4.5,125,1.95
Joe Mauer,Twins,147,545,641,174,129,31,4,10,81,85,90,10,88,14.0,13.7,1.02,0.364,2,3,1,23,8,4,-5.5,0.127,0.376,31.2,0.319,0.41600000000000004,0.446,0.861,4.5,138,3.97
Matt Holliday,Cardinals,157,599,688,177,112,36,2,27,95,102,75,3,132,10.9,19.2,0.57,0.337,9,5,0,16,4,4,-11.0,0.20199999999999999,0.37799999999999995,35.0,0.295,0.379,0.49700000000000005,0.877,4.5,140,2.92
Dustin Pedroia,Red Sox,141,563,623,163,106,39,3,15,81,65,48,3,60,7.7,9.6,0.8,0.3,5,6,1,9,20,6,11.7,0.16,0.344,14.6,0.29,0.34700000000000003,0.449,0.797,4.5,114,1.44
Josh Hamilton,Rangers,148,562,636,160,84,31,2,43,103,128,60,13,162,9.4,25.5,0.37,0.32,5,9,0,9,7,4,-14.9,0.292,0.387,36.6,0.285,0.354,0.5770000000000001,0.93,4.4,141,2.66
Adam Jones,Orioles,162,648,697,186,112,39,3,32,103,82,34,0,126,4.9,18.1,0.27,0.313,13,2,0,15,16,7,-4.2,0.218,0.361,25.6,0.287,0.33399999999999996,0.505,0.8390000000000001,4.3,127,3.13
Edwin Encarnacion,Blue Jays,151,542,644,152,86,24,0,42,93,110,84,12,94,13.0,14.6,0.89,0.266,11,7,0,6,13,3,-21.5,0.27699999999999997,0.396,41.9,0.28,0.384,0.557,0.941,4.3,150,4.77
Jose Reyes,Marlins,160,642,716,184,124,37,12,11,86,57,63,9,56,8.8,7.8,1.13,0.298,0,6,5,10,40,11,4.1,0.146,0.335,11.5,0.287,0.34700000000000003,0.433,0.78,4.1,111,3.47
Nick Swisher,Yankees,148,537,624,146,86,36,0,24,75,93,77,2,141,12.3,22.6,0.55,0.324,4,5,1,9,2,3,-3.4,0.201,0.363,24.0,0.272,0.364,0.473,0.8370000000000001,4.0,128,1.85
Alex Rios,White Sox,157,605,640,184,114,37,8,25,93,91,26,3,92,4.1,14.4,0.28,0.32299999999999995,4,5,0,18,23,6,-5.6,0.212,0.361,23.8,0.304,0.33399999999999996,0.516,0.85,3.9,126,2.14
Matt Wieters,Orioles,144,526,593,131,80,27,1,23,67,83,60,4,112,10.1,18.9,0.54,0.27399999999999997,4,3,0,17,3,0,18.3,0.18600000000000003,0.331,7.7,0.249,0.32899999999999996,0.435,0.764,3.9,107,0.52
Ryan Zimmerman,Nationals,145,578,641,163,101,36,1,25,93,95,57,8,116,8.9,18.1,0.49,0.313,2,4,0,20,5,2,1.3,0.196,0.35200000000000004,19.1,0.282,0.34600000000000003,0.478,0.8240000000000001,3.9,121,1.58
Elvis Andrus,Rangers,158,629,711,180,137,31,9,3,85,62,57,0,96,8.0,13.5,0.59,0.332,5,3,17,15,21,10,14.7,0.092,0.322,4.0,0.28600000000000003,0.349,0.37799999999999995,0.727,3.9,97,1.19
David Freese,Cardinals,144,501,567,147,101,25,1,20,70,79,57,2,122,10.1,21.5,0.47,0.35200000000000004,7,2,0,19,3,3,4.1,0.174,0.365,23.0,0.293,0.37200000000000005,0.467,0.8390000000000001,3.8,132,0.8
David Murphy,Rangers,147,457,521,139,92,29,3,15,65,61,54,7,74,10.4,14.2,0.73,0.33299999999999996,4,4,0,7,10,5,1.6,0.175,0.369,22.4,0.304,0.38,0.479,0.8590000000000001,3.8,129,1.58
Erick Aybar,Angels,141,517,554,150,106,31,5,8,67,45,22,1,61,4.0,11.0,0.36,0.316,5,2,7,11,20,4,8.6,0.126,0.321,2.9,0.29,0.324,0.41600000000000004,0.74,3.7,107,1.53
Albert Pujols,Angels,154,607,670,173,93,50,0,30,85,105,52,16,76,7.8,11.3,0.68,0.282,5,6,0,19,8,1,-6.5,0.231,0.36,24.0,0.285,0.34299999999999997,0.516,0.8590000000000001,3.6,133,2.89
Kyle Seager,Mariners,155,594,651,154,98,35,1,20,62,86,46,1,110,7.1,16.9,0.42,0.28600000000000003,5,4,2,9,13,5,7.0,0.163,0.321,3.2,0.259,0.316,0.423,0.738,3.6,108,2.11
Adam LaRoche,Nationals,154,571,647,155,86,35,1,33,76,100,67,7,138,10.4,21.3,0.49,0.298,0,9,0,10,1,1,-5.1,0.23800000000000002,0.361,23.8,0.271,0.34299999999999997,0.51,0.853,3.6,127,2.49
Adrian Gonzalez,Dodgers,159,629,684,188,122,47,1,18,75,108,42,5,110,6.1,16.1,0.38,0.33399999999999996,5,8,0,10,2,0,2.4,0.16399999999999998,0.34600000000000003,16.8,0.299,0.344,0.46299999999999997,0.8059999999999999,3.6,116,2.1
A.J. Pierzynski,White Sox,135,479,520,133,84,18,4,27,68,77,28,5,78,5.4,15.0,0.36,0.28,8,4,1,8,0,0,6.7,0.223,0.35100000000000003,15.1,0.278,0.326,0.501,0.8270000000000001,3.5,119,-0.16
Danny Espinosa,Nationals,160,594,658,147,91,37,2,17,82,56,46,4,189,7.0,28.7,0.24,0.33299999999999996,13,2,3,11,20,6,16.4,0.155,0.313,-1.3,0.247,0.315,0.402,0.7170000000000001,3.5,94,-0.46
Alfonso Soriano,Cubs,151,561,615,147,80,33,2,32,68,108,44,5,153,7.2,24.9,0.29,0.303,7,3,0,18,6,2,5.2,0.237,0.35,17.0,0.262,0.322,0.499,0.821,3.5,117,1.8
A.J. Ellis,Dodgers,133,423,505,114,80,20,1,13,44,52,65,11,107,12.9,21.2,0.61,0.32899999999999996,7,4,6,17,0,0,10.3,0.14400000000000002,0.341,10.6,0.27,0.373,0.414,0.7859999999999999,3.5,117,-0.82
Mike Moustakas,Royals,149,563,614,136,81,34,1,20,69,73,39,4,124,6.4,20.2,0.31,0.27399999999999997,7,5,0,4,5,2,18.0,0.171,0.305,-4.7,0.242,0.29600000000000004,0.41200000000000003,0.708,3.4,90,-0.44
Brandon Phillips,Reds,147,580,623,163,114,30,1,18,86,77,28,2,79,4.5,12.7,0.35,0.298,8,4,3,19,15,2,10.8,0.14800000000000002,0.325,5.0,0.281,0.321,0.429,0.75,3.4,101,1.58
Denard Span,Twins,128,516,568,146,100,38,4,4,71,41,47,0,62,8.3,10.9,0.76,0.315,0,1,4,10,17,6,9.4,0.11199999999999999,0.325,4.5,0.28300000000000003,0.342,0.395,0.738,3.4,104,-0.62
Josh Willingham,Twins,145,519,615,135,69,30,1,35,85,110,76,4,141,12.4,22.9,0.54,0.287,14,6,0,15,3,2,-17.0,0.264,0.38,32.1,0.26,0.366,0.524,0.89,3.4,142,5.01
Dan Uggla,Braves,154,523,630,115,67,29,0,19,86,78,94,5,168,14.9,26.7,0.56,0.28300000000000003,10,3,0,8,4,3,6.5,0.16399999999999998,0.325,5.3,0.22,0.348,0.384,0.732,3.4,104,2.12
Jason Kipnis,Indians,152,591,672,152,112,22,4,14,86,76,67,2,109,10.0,16.2,0.61,0.29100000000000004,5,6,3,12,31,7,4.0,0.122,0.315,0.2,0.257,0.335,0.379,0.7140000000000001,3.4,100,2.15
Desmond Jennings,Rays,132,505,563,124,85,19,7,13,85,47,46,1,120,8.2,21.3,0.38,0.298,5,1,6,7,31,2,6.0,0.14300000000000002,0.309,-2.9,0.24600000000000002,0.314,0.38799999999999996,0.7020000000000001,3.3,98,0.0
Carlos Beltran,Cardinals,151,547,619,147,88,26,1,32,83,97,65,15,124,10.5,20.0,0.52,0.29100000000000004,2,4,1,9,13,6,-4.5,0.22699999999999998,0.355,19.7,0.26899999999999996,0.34600000000000003,0.495,0.8420000000000001,3.3,124,2.42
Melvin Upton Jr.,Rays,146,573,633,141,81,29,3,28,79,78,45,0,169,7.1,26.7,0.27,0.294,1,8,4,13,31,6,-0.4,0.20800000000000002,0.32299999999999995,3.8,0.24600000000000002,0.298,0.45399999999999996,0.752,3.3,108,0.04
Alberto Callaspo,Angels,138,457,520,115,85,20,0,10,55,53,56,1,59,10.8,11.3,0.95,0.268,0,4,3,6,4,3,12.1,0.109,0.308,-3.0,0.252,0.331,0.361,0.6920000000000001,3.1,98,1.12
Starlin Castro,Cubs,162,646,691,183,128,29,12,14,78,78,36,5,100,5.2,14.5,0.36,0.315,4,5,0,15,25,13,9.2,0.147,0.32299999999999995,4.6,0.28300000000000003,0.32299999999999995,0.43,0.753,3.1,100,-0.37
Shane Victorino,Red Sox,154,595,666,152,105,29,7,11,72,55,53,1,80,8.0,12.0,0.66,0.278,6,3,9,5,39,6,4.4,0.128,0.31,-2.8,0.255,0.321,0.38299999999999995,0.7040000000000001,3.0,94,-1.4
Paul Goldschmidt,Diamondbacks,145,514,587,147,83,43,1,20,82,82,60,4,130,10.2,22.1,0.46,0.34,4,9,0,9,18,3,-11.5,0.204,0.363,22.7,0.28600000000000003,0.359,0.49,0.85,3.0,124,3.31
Omar Infante,Minor,149,554,588,152,103,30,7,12,69,53,21,0,65,3.6,11.1,0.32,0.29100000000000004,1,4,8,9,17,3,11.2,0.14400000000000002,0.31,-2.4,0.27399999999999997,0.3,0.419,0.7190000000000001,3.0,93,-0.36
Ian Kinsler,Rangers,157,655,731,168,102,42,5,19,105,72,60,0,90,8.2,12.3,0.67,0.27,10,5,1,14,21,9,0.5,0.166,0.327,7.0,0.256,0.326,0.423,0.7490000000000001,3.0,100,-0.61
Andre Ethier,Dodgers,149,556,618,158,101,36,1,20,79,89,50,6,124,8.1,20.1,0.4,0.33299999999999996,9,3,0,13,2,2,-8.6,0.17600000000000002,0.35,17.3,0.284,0.35100000000000003,0.46,0.812,2.9,123,2.62
Carlos Santana,Indians,143,507,609,128,81,27,2,18,72,76,91,4,101,14.9,16.6,0.9,0.278,3,8,0,21,3,5,1.8,0.168,0.344,14.1,0.252,0.365,0.42,0.785,2.9,120,1.36
Yoenis Cespedes,Athletics,129,487,540,142,89,25,5,23,70,82,43,5,102,8.0,18.9,0.42,0.326,7,3,0,9,16,4,-14.5,0.214,0.368,22.8,0.292,0.35600000000000004,0.505,0.861,2.9,136,3.9
Ben Revere,Twins,124,511,553,150,131,13,6,0,70,32,29,0,54,5.2,9.8,0.54,0.325,3,4,6,8,40,9,11.6,0.049,0.3,-6.9,0.294,0.33299999999999996,0.342,0.675,2.8,86,-1.26
Mark Teixeira,Yankees,123,451,524,113,61,27,1,24,66,84,54,1,83,10.3,15.8,0.65,0.25,7,12,0,11,2,1,1.4,0.22399999999999998,0.345,12.7,0.251,0.332,0.475,0.807,2.8,116,1.78
Michael Brantley,Indians,149,552,609,159,112,37,4,6,63,60,53,12,56,8.7,9.2,0.95,0.31,0,4,0,7,12,9,1.1,0.114,0.322,3.6,0.28800000000000003,0.348,0.402,0.75,2.7,105,0.73
Howie Kendrick,Angels,147,550,594,158,115,32,3,8,57,67,29,1,115,4.9,19.4,0.25,0.34700000000000003,4,5,6,26,14,6,6.3,0.113,0.316,0.3,0.287,0.325,0.4,0.725,2.7,103,-2.12
Alejandro De Aza,White Sox,131,524,585,147,103,29,6,9,81,50,47,3,109,8.0,18.6,0.43,0.33899999999999997,9,1,4,1,26,12,0.2,0.13,0.33299999999999996,8.4,0.281,0.349,0.41,0.76,2.7,106,0.24
Neil Walker,Pirates,129,472,530,132,91,27,0,14,62,69,47,1,104,8.9,19.6,0.45,0.326,2,8,1,11,7,5,0.5,0.146,0.33399999999999996,8.1,0.28,0.342,0.426,0.768,2.7,112,0.98
Curtis Granderson,Yankees,160,596,684,138,73,18,4,43,102,106,75,4,195,11.0,28.5,0.38,0.26,5,7,1,5,10,3,-15.8,0.26,0.34600000000000003,16.8,0.23199999999999998,0.319,0.49200000000000005,0.8109999999999999,2.7,116,0.86
Coco Crisp,Athletics,120,455,508,118,75,25,7,11,68,46,45,0,64,8.9,12.6,0.7,0.28,0,2,6,9,39,4,-1.6,0.158,0.324,3.6,0.259,0.325,0.418,0.742,2.7,106,1.51
Derek Jeter,Yankees,159,683,740,216,169,32,0,15,99,58,45,1,90,6.1,12.2,0.5,0.34700000000000003,5,1,6,24,9,4,-10.6,0.113,0.34700000000000003,19.1,0.316,0.36200000000000004,0.429,0.7909999999999999,2.6,117,0.92
Asdrubal Cabrera,Indians,143,555,616,150,98,35,1,16,70,68,52,3,99,8.4,16.1,0.53,0.303,6,2,1,18,9,4,-2.3,0.153,0.332,8.5,0.27,0.33799999999999997,0.423,0.762,2.6,112,1.82
Hanley Ramirez,Dodgers,157,604,667,155,98,29,4,24,79,92,54,4,132,8.1,19.8,0.41,0.29,6,3,0,17,21,7,-1.7,0.18,0.32799999999999996,7.1,0.257,0.322,0.43700000000000006,0.759,2.6,107,1.01
Ichiro Suzuki,Yankees,162,629,663,178,135,28,6,9,77,55,22,5,61,3.3,9.2,0.36,0.3,2,5,5,12,29,7,6.1,0.107,0.3,-8.0,0.28300000000000003,0.307,0.39,0.696,2.6,90,-2.37
Cody Ross,Red Sox,130,476,528,127,70,34,1,22,70,81,42,3,129,8.0,24.4,0.33,0.317,3,6,1,11,2,3,-3.1,0.214,0.345,12.5,0.267,0.326,0.48100000000000004,0.807,2.5,114,2.44
Jay Bruce,Reds,155,560,633,141,67,35,5,34,89,99,62,11,155,9.8,24.5,0.4,0.28300000000000003,4,7,0,5,9,3,-11.6,0.263,0.35200000000000004,19.1,0.252,0.327,0.514,0.841,2.5,120,0.33
Allen Craig,Cardinals,119,469,514,144,87,35,0,22,76,92,37,1,89,7.2,17.3,0.42,0.33399999999999996,1,7,0,15,2,1,-10.6,0.215,0.374,24.2,0.307,0.354,0.522,0.8759999999999999,2.5,137,2.89
J.J. Hardy,Orioles,158,663,713,158,104,30,2,22,85,68,38,4,106,5.3,14.9,0.36,0.253,3,2,7,21,0,0,19.8,0.151,0.29,-14.2,0.23800000000000002,0.282,0.389,0.6709999999999999,2.4,78,-1.72
Mark Trumbo,Angels,144,544,586,146,92,19,3,32,66,95,36,3,153,6.1,26.1,0.24,0.316,4,2,0,12,4,5,-12.4,0.222,0.34600000000000003,14.4,0.268,0.317,0.491,0.8079999999999999,2.4,124,1.9
Darwin Barney,Cubs,156,548,588,139,102,26,4,7,73,44,33,1,58,5.6,9.9,0.57,0.273,3,1,3,11,6,1,17.0,0.1,0.287,-13.0,0.254,0.299,0.354,0.653,2.4,75,0.25
Jhonny Peralta,Tigers,150,531,585,127,79,32,3,13,58,63,49,3,105,8.4,17.9,0.47,0.275,2,2,1,20,1,2,18.0,0.145,0.301,-6.7,0.239,0.305,0.384,0.6890000000000001,2.4,86,-1.61
Michael Saunders,Mariners,139,507,553,125,72,31,3,19,71,57,43,0,132,7.8,23.9,0.33,0.297,1,1,1,6,21,4,-7.6,0.185,0.32,2.4,0.247,0.306,0.43200000000000005,0.738,2.3,108,-0.1
Brett Lawrie,Blue Jays,125,494,536,135,95,26,3,11,73,48,33,0,86,6.2,16.0,0.38,0.311,5,2,2,9,13,8,6.3,0.132,0.319,1.8,0.273,0.324,0.405,0.7290000000000001,2.3,97,0.16
Nori Aoki,Brewers,151,520,588,150,99,37,4,10,81,50,43,1,55,7.3,9.4,0.78,0.304,13,5,7,6,30,8,-5.7,0.14400000000000002,0.344,13.5,0.28800000000000003,0.355,0.433,0.787,2.3,113,0.82
Billy Butler,Royals,161,614,679,192,130,32,1,29,72,107,54,9,111,8.0,16.3,0.49,0.341,7,4,0,20,2,1,-18.7,0.19699999999999998,0.377,33.7,0.313,0.373,0.51,0.882,2.3,139,2.84
Dexter Fowler,Rockies,143,454,530,136,94,18,11,13,72,53,68,1,128,12.8,24.2,0.53,0.39,0,2,6,5,12,5,-11.9,0.174,0.375,25.6,0.3,0.389,0.474,0.863,2.3,120,1.26
Shin-Soo Choo,Indians,155,598,686,169,108,43,2,16,88,67,73,0,150,10.6,21.9,0.49,0.353,14,1,0,11,21,7,-23.6,0.159,0.359,24.1,0.28300000000000003,0.373,0.441,0.815,2.3,130,2.38
Zack Cozart,Reds,138,561,600,138,86,33,4,15,72,35,31,0,113,5.2,18.8,0.27,0.282,3,3,2,11,4,0,13.9,0.153,0.298,-8.1,0.24600000000000002,0.28800000000000003,0.39899999999999997,0.687,2.3,83,-1.28
Pedro Alvarez,Pirates,149,525,586,128,72,25,1,30,64,85,57,6,180,9.7,30.7,0.32,0.308,1,3,0,10,1,0,-7.0,0.223,0.335,9.4,0.244,0.317,0.467,0.784,2.2,112,-0.05
Cameron Maybin,Padres,147,507,561,123,90,20,5,8,67,45,44,1,110,7.8,19.6,0.4,0.293,4,3,3,12,26,7,6.1,0.107,0.29,-11.1,0.243,0.306,0.349,0.6559999999999999,2.2,87,-1.8
Justin Upton,Diamondbacks,150,554,628,155,110,24,4,17,107,67,63,5,121,10.0,19.3,0.52,0.327,5,6,0,7,18,8,-9.7,0.15,0.341,13.1,0.28,0.355,0.43,0.785,2.2,109,0.44
Carlos Gonzalez,Rockies,135,518,579,157,99,31,5,22,89,85,56,11,115,9.7,19.9,0.49,0.35200000000000004,2,3,0,11,20,5,-12.6,0.207,0.374,27.2,0.303,0.371,0.51,0.8809999999999999,2.1,119,0.56
Chris Davis,Orioles,139,515,562,139,86,20,0,33,75,85,37,6,169,6.6,30.1,0.22,0.335,7,3,0,8,2,3,-10.5,0.231,0.35200000000000004,16.5,0.27,0.326,0.501,0.8270000000000001,2.1,121,0.97
Alcides Escobar,Royals,155,605,648,177,135,30,7,5,68,52,27,2,100,4.2,15.4,0.27,0.344,8,0,8,14,35,5,-6.4,0.098,0.316,0.4,0.293,0.331,0.39,0.721,2.1,97,-0.46
Alex Rodriguez,Yankees,122,463,529,126,90,17,1,18,74,57,51,3,116,9.6,21.9,0.44,0.32299999999999995,10,5,0,13,13,1,-7.1,0.158,0.342,11.5,0.272,0.353,0.43,0.7829999999999999,2.1,113,0.3
Jamey Carroll,Twins,138,470,537,126,106,18,1,1,65,40,52,0,65,9.7,12.1,0.8,0.306,4,4,7,9,9,5,11.6,0.049,0.299,-6.7,0.268,0.34299999999999997,0.317,0.66,2.0,86,-1.03
Paul Konerko,White Sox,144,533,598,159,111,22,0,26,66,75,56,4,83,9.4,13.9,0.67,0.312,7,2,0,16,0,0,-16.6,0.188,0.371,26.8,0.298,0.371,0.486,0.857,2.0,132,1.43
Marco Scutaro,Giants,156,620,683,190,147,32,4,7,87,74,40,0,49,5.9,7.2,0.82,0.319,4,9,10,12,9,4,-2.0,0.098,0.32899999999999996,7.8,0.306,0.348,0.405,0.753,2.0,98,1.28
Corey Hart,Brewers,149,562,622,152,83,35,4,30,91,83,44,5,151,7.1,24.3,0.29,0.318,11,3,2,13,5,0,-16.3,0.237,0.358,21.6,0.27,0.33399999999999996,0.507,0.841,2.0,122,2.45
Adam Dunn,White Sox,151,539,649,110,50,19,0,41,87,96,105,3,222,16.2,34.2,0.47,0.24600000000000002,1,4,0,8,2,1,-12.5,0.263,0.34600000000000003,16.2,0.204,0.33299999999999996,0.46799999999999997,0.8,2.0,115,0.83
Alexei Ramirez,White Sox,158,593,621,157,120,24,4,9,59,73,16,2,77,2.6,12.4,0.21,0.29,4,4,4,15,20,7,15.4,0.099,0.282,-16.3,0.265,0.287,0.364,0.6509999999999999,2.0,72,-0.72
Freddie Freeman,Braves,147,540,620,140,82,33,2,23,91,94,64,4,129,10.3,20.8,0.5,0.295,7,9,0,10,2,0,-13.0,0.196,0.342,13.7,0.259,0.34,0.456,0.7959999999999999,1.7,115,1.55
Hunter Pence,Giants,160,617,688,156,102,26,4,24,87,104,56,2,145,8.1,21.1,0.39,0.29,7,7,1,15,5,2,-10.0,0.172,0.32299999999999995,4.1,0.253,0.319,0.425,0.743,1.6,103,1.9
Dustin Ackley,Mariners,153,607,668,137,101,22,2,12,84,50,59,7,124,8.8,18.6,0.48,0.265,0,1,1,3,13,3,5.7,0.102,0.27399999999999997,-22.1,0.226,0.294,0.32799999999999996,0.622,1.6,75,-1.97
Garrett Jones,Pirates,145,475,515,130,72,28,3,27,68,86,33,2,103,6.4,20.0,0.32,0.293,0,7,0,3,2,0,-15.1,0.242,0.35200000000000004,15.3,0.27399999999999997,0.317,0.516,0.8320000000000001,1.6,124,3.83
Mike Aviles,Red Sox,136,512,546,128,87,28,0,13,57,60,23,0,77,4.2,14.1,0.3,0.26899999999999996,2,6,3,6,14,6,9.7,0.131,0.28800000000000003,-12.0,0.25,0.282,0.381,0.6629999999999999,1.5,75,-1.49
Kendrys Morales,Angels,134,484,522,132,83,26,1,22,61,73,31,1,116,5.9,22.2,0.27,0.315,4,3,0,11,0,1,-9.7,0.19399999999999998,0.33899999999999997,10.0,0.273,0.32,0.467,0.787,1.5,119,0.84
Jason Kubel,Diamondbacks,141,506,571,128,64,30,4,30,75,90,57,7,151,10.0,26.4,0.38,0.29600000000000004,2,6,0,11,1,1,-11.1,0.253,0.35200000000000004,16.8,0.253,0.327,0.506,0.833,1.5,117,1.18
Jose Altuve,Astros,147,576,630,167,122,34,4,7,80,37,40,0,74,6.3,11.7,0.54,0.321,6,4,4,8,33,11,-11.3,0.109,0.325,4.9,0.29,0.34,0.39899999999999997,0.74,1.4,102,-0.52
Daniel Murphy,Mets,156,571,612,166,117,40,3,6,62,65,36,5,82,5.9,13.4,0.44,0.32899999999999996,1,4,0,12,10,2,-9.5,0.11199999999999999,0.318,1.4,0.29100000000000004,0.332,0.40299999999999997,0.735,1.4,102,1.08
Drew Stubbs,Reds,136,493,544,105,76,13,2,14,75,40,42,0,166,7.7,30.5,0.25,0.29,2,1,6,2,30,7,9.1,0.12,0.271,-19.1,0.213,0.27699999999999997,0.33299999999999996,0.61,1.3,65,0.1
David DeJesus,Cubs,148,506,582,133,88,28,8,9,76,50,61,1,89,10.5,15.3,0.69,0.301,9,4,2,9,7,8,-8.0,0.14,0.332,7.9,0.263,0.35,0.40299999999999997,0.753,1.2,105,-0.03
Yunel Escobar,Blue Jays,145,558,608,141,109,22,1,9,58,51,35,1,70,5.8,11.5,0.5,0.273,4,4,7,21,5,1,10.8,0.091,0.284,-15.1,0.253,0.3,0.344,0.644,1.2,73,-2.72
Yonder Alonso,Padres,155,549,619,150,102,39,0,9,47,62,62,9,101,10.0,16.3,0.61,0.318,3,4,1,14,3,0,-8.2,0.12,0.32299999999999995,3.8,0.273,0.348,0.39299999999999996,0.741,1.1,108,0.9
Nelson Cruz,Rangers,159,585,642,152,83,45,0,24,86,90,48,2,140,7.5,21.8,0.34,0.301,5,4,0,7,8,4,-11.2,0.2,0.335,10.5,0.26,0.319,0.46,0.779,1.1,106,0.47
Kevin Youkilis,White Sox,122,438,509,103,67,15,2,19,72,60,51,2,108,10.0,21.2,0.47,0.268,17,3,0,10,0,0,-5.1,0.174,0.32799999999999996,5.5,0.235,0.336,0.409,0.745,1.1,103,0.46
Chris Johnson,Diamondback,136,488,528,137,89,28,5,15,48,76,31,2,132,5.9,25.0,0.23,0.354,4,4,1,18,5,1,-7.7,0.17,0.33399999999999996,8.3,0.281,0.326,0.451,0.777,1.0,108,-2.37
Rickie Weeks Jr.,Brewers,157,588,677,135,81,29,4,21,85,63,74,2,169,10.9,25.0,0.44,0.285,13,2,0,9,16,3,-14.6,0.17,0.321,3.3,0.23,0.32799999999999996,0.4,0.728,1.0,97,0.13
Ike Davis,Mets,156,519,584,118,60,26,0,32,66,90,61,3,141,10.4,24.1,0.43,0.24600000000000002,1,3,0,10,0,2,-13.5,0.235,0.331,7.5,0.22699999999999998,0.308,0.462,0.7709999999999999,1.0,111,1.05
Ryan Doumit,Twins,134,484,528,133,80,34,1,18,56,75,29,5,98,5.5,18.6,0.3,0.306,7,8,0,17,0,0,-7.8,0.18600000000000003,0.332,7.3,0.275,0.32,0.461,0.7809999999999999,1.0,109,-1.8
Colby Rasmus,Blue Jays,151,565,625,126,77,21,5,23,75,75,47,5,149,7.5,23.8,0.32,0.259,7,4,2,7,4,3,2.1,0.177,0.297,-8.8,0.223,0.289,0.4,0.6890000000000001,0.9,82,-0.89
Gordon Beckham,White Sox,151,525,582,123,83,24,0,16,62,60,40,0,89,6.9,15.3,0.45,0.254,7,2,8,10,5,4,3.7,0.13699999999999998,0.295,-9.5,0.23399999999999999,0.29600000000000004,0.371,0.6679999999999999,0.9,80,-0.98
Carlos Pena,Rays,160,497,600,98,60,17,2,19,72,61,87,2,182,14.5,30.3,0.48,0.264,13,3,0,10,2,3,-7.7,0.157,0.309,-2.9,0.19699999999999998,0.33,0.354,0.684,0.7,98,0.57
Rafael Furcal,Cardinals,121,477,531,126,100,18,3,5,69,49,44,1,57,8.3,10.7,0.77,0.289,1,4,5,7,12,4,-4.2,0.08199999999999999,0.298,-7.2,0.264,0.325,0.34600000000000003,0.6709999999999999,0.6,86,0.17
Kelly Johnson,Blue Jays,142,507,581,114,77,19,2,16,61,55,62,4,159,10.7,27.4,0.39,0.292,5,4,2,8,14,2,-5.2,0.14,0.299,-7.4,0.225,0.313,0.365,0.6779999999999999,0.4,84,-0.23
Dayan Viciedo,White Sox,147,505,543,129,85,18,1,25,64,78,28,0,120,5.2,22.1,0.23,0.28600000000000003,6,4,0,19,0,2,-10.2,0.188,0.321,2.7,0.255,0.3,0.444,0.7440000000000001,0.0,98,-0.23
Justin Morneau,Twins,134,505,570,135,88,26,2,19,63,77,49,8,102,8.6,17.9,0.48,0.294,6,10,0,19,1,0,-18.0,0.172,0.33,6.8,0.267,0.33299999999999996,0.44,0.773,0.0,107,0.4
Carlos Lee,Marlins,147,550,615,145,108,27,1,9,53,77,58,4,49,9.4,8.0,1.18,0.273,1,6,0,13,3,0,-9.7,0.102,0.307,-4.0,0.264,0.332,0.365,0.6970000000000001,-0.1,91,0.69
Mark Reynolds,Orioles,135,457,538,101,52,26,0,23,65,69,73,2,159,13.6,29.6,0.46,0.282,6,2,0,19,1,3,-21.5,0.20800000000000002,0.335,8.5,0.221,0.335,0.429,0.763,-0.1,109,1.04
Jemile Weeks,Athletics,118,444,511,98,73,15,8,2,54,20,50,0,70,9.8,13.7,0.71,0.256,5,3,9,5,16,5,-6.1,0.083,0.276,-16.2,0.221,0.305,0.304,0.609,-0.3,73,-2.36
Jesus Montero,Mariners,135,515,553,134,99,20,0,15,46,62,29,4,99,5.2,17.9,0.29,0.292,2,7,0,15,0,2,-9.0,0.126,0.295,-8.7,0.26,0.298,0.386,0.685,-0.5,90,-1.85
Justin Smoak,Mariners,132,483,535,105,72,14,0,19,49,51,49,2,111,9.2,20.7,0.44,0.242,1,2,0,12,1,0,-8.6,0.147,0.28800000000000003,-11.6,0.217,0.29,0.364,0.654,-0.6,85,-1.76
Jordan Pacheco,Rockies,132,475,505,147,107,32,3,5,51,54,22,2,61,4.4,12.1,0.36,0.344,3,4,1,13,7,2,-13.9,0.11199999999999999,0.33,6.2,0.309,0.341,0.42100000000000004,0.762,-0.6,90,-0.98
Delmon Young,Tigers,151,574,608,153,107,27,1,18,54,74,20,1,112,3.3,18.4,0.18,0.299,7,7,0,20,0,2,-18.0,0.145,0.305,-4.8,0.267,0.29600000000000004,0.41100000000000003,0.7070000000000001,-1.2,89,-3.19
Jeff Francoeur,Royals,148,561,603,132,87,26,3,16,58,49,34,9,119,5.6,19.7,0.29,0.272,7,1,0,14,4,7,-12.5,0.14300000000000002,0.285,-14.3,0.235,0.287,0.37799999999999995,0.665,-1.4,76,-2.61
Brennan Boesch,Tigers,132,470,503,113,77,22,2,12,52,54,26,1,104,5.2,20.7,0.25,0.284,5,2,0,11,6,3,-17.5,0.132,0.28800000000000003,-11.0,0.24,0.28600000000000003,0.37200000000000005,0.659,-1.5,77,-0.56
Eric Hosmer,Royals,152,535,598,124,86,22,2,14,65,60,56,4,95,9.4,15.9,0.59,0.255,2,5,0,10,16,1,-25.4,0.127,0.29100000000000004,-11.4,0.23199999999999998,0.304,0.359,0.6629999999999999,-1.7,80,-0.17
Michael Young,Rangers,156,611,651,169,131,27,3,8,79,67,33,3,70,5.1,10.8,0.47,0.299,1,6,0,26,2,2,-18.6,0.09300000000000001,0.297,-9.5,0.27699999999999997,0.312,0.37,0.682,-2.0,79,-1.34
